timestamp,emg1,emg2,emg3,emg4,emg5,emg6,emg7,emg8
15:25:49.616660,-1,0,1,-1,-4,-4,-4,-3
15:25:49.624652,2,2,-1,0,1,-2,-4,-2
15:25:49.638644,4,5,1,6,10,6,17,5
15:25:49.639643,2,5,5,3,-6,-5,-3,0
15:25:49.653634,-1,0,-2,3,5,3,0,0
15:25:49.661630,1,-1,-2,-1,0,1,0,-3
15:25:49.676620,-3,0,-3,1,-1,6,3,1
15:25:49.683614,12,-1,-1,1,4,4,4,3
15:25:49.706601,0,0,-2,1,-4,1,1,0
15:25:49.706601,-6,-4,-1,-3,0,1,-1,-2
15:25:49.713599,0,2,2,0,4,0,2,-3
15:25:49.721595,-2,-3,-1,-1,2,0,0,-2
15:25:49.736585,-4,-1,-4,-2,-1,-2,-2,0
15:25:49.744577,2,2,2,3,-11,-8,-5,-1
15:25:49.758573,-1,1,-2,-4,-2,-1,-3,-1
15:25:49.759571,-1,-1,-2,-2,2,1,-6,1
15:25:49.774558,1,0,1,-1,-5,-10,-3,-1
15:25:49.781558,1,1,-1,0,-1,3,3,2
15:25:49.796548,-4,-2,0,-1,-7,-2,1,-1
15:25:49.803544,1,0,0,1,2,0,10,4
15:25:49.818534,1,-2,-1,-1,0,2,-1,-1
15:25:49.819534,2,-1,-1,3,-1,0,-2,2
15:25:49.833525,-1,-5,-6,-1,-2,-1,-3,2
15:25:49.841520,-7,1,1,-1,-8,-1,0,-2
15:25:49.856511,-3,3,-2,-1,3,0,-4,-1
15:25:49.871501,5,1,0,0,3,1,-5,0
15:25:49.886492,-1,1,-1,-2,-1,1,10,0
15:25:49.887491,-1,2,-1,2,-5,1,5,2
15:25:49.894487,-5,-3,-3,-4,4,-2,-3,-3
15:25:49.901483,1,3,4,4,6,8,5,6
15:25:49.916474,-1,-4,-1,-1,0,0,0,4
15:25:49.924467,1,1,1,3,4,-1,1,-2
15:25:49.938458,-3,-2,0,-1,-6,-3,-2,-6
15:25:49.939459,0,1,1,-4,-2,1,-3,0
15:25:49.953447,-1,-3,-1,2,-3,-2,-9,-3
15:25:49.969453,-1,-2,0,-3,-3,-3,11,-1
15:25:49.976436,4,0,-2,-6,2,5,3,2
15:25:49.984431,-7,-1,-1,-3,2,-1,-1,-7
15:25:49.998420,0,2,-2,-1,4,0,-4,-5
15:25:49.999422,-1,1,-1,2,0,-2,0,-2
15:25:50.014412,6,0,-3,-4,-1,-3,2,-1
15:25:50.021408,1,-1,-5,-3,-2,1,-2,0
15:25:50.036399,-3,-1,-2,1,-4,0,-1,0
15:25:50.044393,0,0,-1,-3,-3,-5,-1,0
15:25:50.058385,-3,-1,1,1,-1,2,4,0
15:25:50.059382,-3,-1,-3,-3,-4,-5,-11,-6
15:25:50.073377,-2,-1,-1,1,3,5,8,1
15:25:50.081371,-3,1,4,2,1,1,2,-3
15:25:50.096361,0,-2,-3,-2,-1,0,-3,-1
15:25:50.104357,-2,0,0,0,-1,0,2,0
15:25:50.119344,-2,-1,0,-3,-3,0,-1,-2
15:25:50.119344,4,3,3,-1,-2,-2,-1,2
15:25:50.134339,-1,1,-2,2,-1,-2,-3,-1
15:25:50.141334,-2,-2,-2,-2,-3,0,-1,4
15:25:50.156322,-1,-2,-1,-1,1,4,-1,-4
15:25:50.164317,0,-3,-2,1,-1,-5,-8,0
15:25:50.179308,-3,2,-1,-1,-5,-4,-5,-8
15:25:50.179308,-3,-3,-1,1,4,2,-7,-1
15:25:50.194302,-1,2,0,-5,-4,-2,1,-3
15:25:50.201294,0,-2,-3,-3,8,4,0,0
15:25:50.216287,-3,-4,0,1,0,-4,-2,1
15:25:50.224283,-2,-1,-1,2,1,0,3,2
15:25:50.239270,-2,-4,-5,0,-1,0,2,-3
15:25:50.239270,1,-2,-2,0,-1,3,-3,-3
15:25:50.254261,-3,1,0,1,-3,1,1,2
15:25:50.261260,-1,0,1,-3,-8,1,6,1
15:25:50.276250,-3,-2,3,2,-1,2,-8,-3
15:25:50.284244,6,0,-2,-5,-3,0,1,5
15:25:50.299233,-1,-1,-1,-2,0,-4,-4,-1
15:25:50.299233,-1,-3,-2,2,2,-1,-1,-4
15:25:50.314226,-5,-4,1,1,2,2,2,3
15:25:50.321223,-8,-2,-2,-2,-1,1,-1,-2
15:25:50.337213,4,-2,-5,-5,-2,-1,1,2
15:25:50.344208,-3,0,-2,-1,-3,3,0,0
15:25:50.359199,-5,-3,-1,-6,0,-1,-8,-4
15:25:50.366194,-1,-1,-2,0,-5,-2,-4,0
15:25:50.381186,-6,0,-5,1,-5,0,1,-6
15:25:50.382182,1,-3,-1,0,3,4,-10,0
15:25:50.396175,0,1,-1,0,-1,1,2,-2
15:25:50.404168,-3,-2,0,0,-1,2,0,-3
15:25:50.419161,-4,-2,-1,-1,-5,-1,-1,-4
15:25:50.426156,-3,-1,-2,-2,-5,-4,-2,-3
15:25:50.441147,-3,0,3,2,6,5,-3,-4
15:25:50.442147,1,-2,-8,-5,-6,-4,0,0
15:25:50.456137,-8,-6,-3,-2,-3,-7,-6,-2
15:25:50.471128,0,-1,2,0,-2,-1,-1,0
15:25:50.486119,-1,0,1,-1,6,9,9,3
15:25:50.487117,7,-1,-1,2,-9,-9,-11,4
15:25:50.501110,-5,-5,-3,-2,0,1,1,-2
15:25:50.502107,1,0,0,-1,1,-4,0,1
15:25:50.516100,-3,0,-4,0,4,2,2,2
15:25:50.524096,5,-1,0,2,-6,3,4,3
15:25:50.539087,0,1,-3,3,4,-1,1,4
15:25:50.546082,5,-2,-1,0,2,3,8,3
15:25:50.569069,1,1,3,3,-2,2,2,-2
15:25:50.570065,-2,-2,-2,-1,2,-2,1,-1
15:25:50.576063,-2,1,1,-2,0,1,1,-3
15:25:50.592055,-1,-2,1,-3,-5,-4,-2,3
15:25:50.599050,3,2,3,0,4,6,-8,2
15:25:50.607046,-5,-3,1,2,3,0,2,-3
15:25:50.621033,5,2,0,1,5,1,6,4
15:25:50.622033,6,1,0,1,2,-3,-4,-1
15:25:50.637024,-5,-1,-2,0,-1,-2,-3,-2
15:25:50.644022,-5,-3,-2,-1,0,1,1,-5
15:25:50.659013,-2,-1,-4,-3,-3,-1,-3,3
15:25:50.666012,-2,0,-1,4,2,-3,-1,1
15:25:50.680999,0,-3,-1,-4,-5,-2,11,-1
15:25:50.681997,1,0,0,-3,-3,-6,-4,2
15:25:50.696990,-5,1,-1,-2,0,1,-6,-4
15:25:50.703983,-1,0,2,2,-1,-1,0,-1
15:25:50.718973,0,2,1,0,-2,0,1,0
15:25:50.725970,-1,-2,-1,-3,-2,-1,-2,-4
15:25:50.740961,-2,-4,-4,-2,-1,3,-2,-4
15:25:50.741958,-2,-5,-3,-4,-4,-7,-6,-3
15:25:50.756950,-1,-2,-3,-6,-1,3,0,-2
15:25:50.763947,-5,-3,-4,-6,-10,-8,-9,-9
15:25:50.778938,1,-1,1,2,-7,-7,-2,0
15:25:50.786933,5,0,-2,-2,2,1,-4,1
15:25:50.800924,0,1,0,-1,-1,1,-1,0
15:25:50.801922,-1,0,1,2,2,3,1,-4
15:25:50.816914,0,2,-1,-4,-2,-3,-2,-1
15:25:50.823910,0,1,2,4,2,-3,1,1
15:25:50.838900,5,-1,-3,-4,-1,-3,-2,1
15:25:50.845896,1,2,1,0,7,4,1,4
15:25:50.860885,1,0,1,2,-6,-5,-7,-5
15:25:50.861886,2,3,1,5,6,-4,-3,1
15:25:50.876878,-3,0,0,-2,-4,0,0,0
15:25:50.891865,2,-4,-1,-1,-5,-1,-3,0
15:25:50.906857,-3,-1,-11,-6,-3,-3,-2,0
15:25:50.906857,-2,-2,7,13,1,-4,-4,-4
15:25:50.921849,-2,-2,-3,-5,-2,-1,-1,-3
15:25:50.921849,2,4,7,-3,-7,1,1,-2
15:25:50.936839,-1,-2,14,8,-1,0,-3,-1
15:25:50.943836,0,-2,2,3,3,-4,0,1
15:25:50.958824,3,1,-13,-48,-18,4,2,1
15:25:50.966820,-7,-4,-1,10,-14,0,-1,-3
15:25:50.981811,-7,-3,15,13,-46,-14,-4,-6
15:25:50.981811,6,6,-12,-93,-26,3,2,3
15:25:50.996803,-12,-11,3,127,8,-13,-10,-10
15:25:51.003799,-6,-3,51,127,95,-1,-7,-4
15:25:51.018789,7,-1,-70,-128,127,36,2,1
15:25:51.026785,-11,-14,31,127,127,-17,-10,-9
15:25:51.040775,5,16,127,127,106,15,4,3
15:25:51.041773,21,18,-73,-93,-128,3,13,20
15:25:51.056769,-15,21,127,127,127,48,-11,-20
15:25:51.063761,2,-39,-81,-26,127,6,7,9
15:25:51.078758,16,16,12,-128,-49,-74,-6,11
15:25:51.086748,-4,7,-30,127,127,99,5,-9
15:25:51.101736,9,-35,-71,-128,-128,-53,1,14
15:25:51.101736,-21,-3,-60,127,-92,-7,2,-5
15:25:51.116728,-29,-50,3,127,-128,-71,-25,-25
15:25:51.123725,26,9,68,127,48,65,25,21
15:25:51.138714,3,15,-40,55,127,-23,-16,-1
15:25:51.146710,42,68,123,-128,-128,-2,20,22
15:25:51.161699,-25,-79,-128,-124,-128,-42,-14,-10
15:25:51.161699,13,70,83,100,-128,2,5,-3
15:25:51.176692,-20,-19,-39,54,-128,-41,-14,-10
15:25:51.183686,-22,-34,-4,-128,45,-7,-11,-20
15:25:51.198678,11,29,-1,-72,-59,11,12,10
15:25:51.206674,-20,-83,-9,127,127,1,-6,0
15:25:51.221664,10,20,12,-64,-70,-13,3,3
15:25:51.221664,32,97,126,127,127,28,10,8
15:25:51.236655,-36,-86,-103,-128,71,-17,-16,-15
15:25:51.243649,-9,-31,-62,-119,-128,-69,-18,-12
15:25:51.258642,27,68,117,77,127,8,6,6
15:25:51.266636,-29,-72,-36,-97,127,-24,1,4
15:25:51.281627,-55,-109,-94,-105,-87,-25,-14,-31
15:25:51.288622,-59,-108,-105,94,-128,53,1,-8
15:25:51.303610,73,127,127,68,-128,-121,-17,-10
15:25:51.304610,-21,-42,-128,-128,127,66,-5,-5
15:25:51.318607,-29,-12,9,-128,-128,11,-11,-25
15:25:51.326599,-46,-70,-69,127,127,41,-16,-19
15:25:51.341590,43,117,84,127,-22,105,24,14
15:25:51.348587,-30,-41,-49,30,127,-65,-9,-8
15:25:51.363575,-26,-34,67,127,127,127,7,-8
15:25:51.364573,-37,-100,-128,127,127,15,-17,-18
15:25:51.378567,97,127,122,-114,-128,-96,-1,27
15:25:51.386561,-36,-37,-27,127,-32,-23,-4,-10
15:25:51.401553,29,59,62,-3,-14,53,10,15
15:25:51.416543,-52,-98,-29,-13,72,-30,-22,-25
15:25:51.423540,32,31,15,127,127,-33,5,16
15:25:51.424538,28,63,43,-128,127,58,13,8
15:25:51.439529,-4,-3,-3,-128,-62,-17,1,-4
15:25:51.446524,2,0,32,127,127,35,10,7
15:25:51.461516,14,32,-13,-86,127,52,9,6
15:25:51.469511,8,33,-10,-128,14,-1,-4,-8
15:25:51.491497,35,121,85,127,127,-10,-4,3
15:25:51.492496,8,-11,-17,86,56,-2,8,13
15:25:51.498492,32,75,114,127,127,25,-3,0
15:25:51.506488,19,43,35,-128,-128,-62,6,8
15:25:51.521478,-24,-31,-40,-12,-128,-6,-15,-13
15:25:51.528474,35,61,49,-41,28,-29,1,12
15:25:51.543461,-22,-29,-23,-128,21,17,-12,-16
15:25:51.544461,-15,-24,-27,-108,-128,-63,-12,-13
15:25:51.559454,-21,-16,-11,4,-128,-25,-11,-8
15:25:51.566450,7,24,48,127,-16,-14,-4,-6
15:25:51.581441,14,30,5,-128,41,40,8,6
15:25:51.589433,-16,-34,-43,-5,62,3,-7,-10
15:25:51.603424,-8,-49,2,127,127,127,18,14
15:25:51.604427,24,63,30,-59,-113,-1,5,3
15:25:51.619417,-11,-20,-6,110,127,13,-1,-4
15:25:51.626413,-2,-3,-5,-56,116,3,-4,-4
15:25:51.641404,-30,-32,-19,48,108,27,-14,-22
15:25:51.649396,7,12,-9,-20,127,63,6,9
15:25:51.664387,-5,-5,-21,-39,-128,-45,-4,0
15:25:51.664387,-9,-13,-63,-128,-128,-24,-11,-7
15:25:51.679379,-57,-91,-56,126,-9,60,-13,-29
15:25:51.686376,7,4,47,127,127,70,13,12
15:25:51.701366,19,19,16,127,-74,7,6,7
15:25:51.709362,11,12,-24,-106,-128,-56,-2,4
15:25:51.724350,-26,-18,16,127,13,27,-13,-18
15:25:51.724350,3,4,18,-34,127,7,4,5
15:25:51.739344,24,39,15,-38,-128,-13,9,10
15:25:51.746339,26,39,11,-128,75,-25,3,10
15:25:51.761328,-23,-37,6,127,127,127,3,-3
15:25:51.769324,21,22,14,-8,-111,-22,1,6
15:25:51.783316,6,13,-4,-42,-72,39,5,1
15:25:51.784312,-25,-57,-73,16,127,53,-1,-10
15:25:51.799306,-10,-24,-12,92,127,28,-2,-8
15:25:51.814301,1,-11,-19,-84,-79,-39,-3,6
15:25:51.828288,-6,-10,18,127,30,-18,0,-2
15:25:51.829285,6,17,40,122,127,51,3,0
15:25:51.843279,14,-7,11,60,38,22,12,13
15:25:51.844276,28,55,57,-23,127,-23,5,12
15:25:51.859268,-8,-2,-8,-26,127,16,0,-4
15:25:51.866264,9,33,50,127,127,82,3,0
15:25:51.881254,0,-14,9,72,94,96,14,4
15:25:51.889250,3,-6,-26,-9,-82,-29,-1,9
15:25:51.903246,6,-14,9,28,127,10,7,10
15:25:51.904240,14,31,23,-66,-104,-10,-2,0
15:25:51.919231,-6,-8,11,127,-128,25,5,-1
15:25:51.926226,-18,-24,-11,77,-50,10,-6,-12
15:25:51.941215,-16,-27,-29,9,68,-42,-6,-9
15:25:51.949212,18,36,15,-39,127,-22,0,4
15:25:51.963203,3,14,17,30,38,19,-1,2
15:25:51.964200,-2,-6,-8,22,15,-11,-5,-7
15:25:51.979195,0,-2,-7,-16,-40,-17,1,1
15:25:51.986188,19,19,11,-33,127,40,11,14
15:25:52.002180,-2,-3,1,-42,-76,-22,-6,-3
15:25:52.009176,7,12,3,-71,-54,-24,-1,0
15:25:52.024167,2,-5,-3,-23,28,-18,1,2
15:25:52.031161,-11,-8,-9,-13,-39,-8,-4,-2
15:25:52.039161,-9,-11,-13,-22,-57,-8,-5,-4
15:25:52.046152,-25,-49,-30,20,-5,-9,-5,-5
15:25:52.061149,4,9,0,-55,-10,-1,-1,0
15:25:52.069138,-6,-10,6,127,115,49,-1,-6
15:25:52.084129,-1,3,1,-25,-34,-4,2,1
15:25:52.084129,5,4,-4,-41,-118,-16,0,2
15:25:52.099123,-7,-11,-2,-24,-28,-5,-2,-4
15:25:52.106115,-1,-1,-6,-27,-53,-20,0,-2
15:25:52.122102,2,11,5,-40,127,11,-3,1
15:25:52.137093,-22,-26,-11,31,54,39,-8,-14
15:25:52.144091,15,17,6,30,-74,-26,6,10
15:25:52.144091,-9,-23,8,127,127,127,12,-1
15:25:52.159082,8,5,-6,-44,-111,-33,-3,1
15:25:52.166075,13,12,-13,-128,-128,-91,3,13
15:25:52.182069,-10,-11,-2,13,21,7,-4,-7
15:25:52.189064,1,1,-4,-19,-25,-3,-5,1
15:25:52.204055,0,4,-1,-9,-61,-15,-2,2
15:25:52.204055,-2,0,3,11,27,-5,14,-6
15:25:52.219045,5,3,-1,-3,-2,0,-34,14
15:25:52.226041,-13,-9,-9,-7,-7,-10,11,-42
15:25:52.241032,30,7,8,9,20,31,76,69
15:25:52.249027,-50,-20,-28,-29,-45,-53,79,-62
15:25:52.264017,45,-3,-1,1,12,36,127,90
15:25:52.271013,-50,13,10,4,-16,-67,36,-53
15:25:52.286004,27,-13,8,11,31,127,10,64
15:25:52.287001,9,12,-11,-13,-46,-99,127,-128
15:25:52.301993,66,56,52,46,69,81,21,127
15:25:52.308990,-82,-33,-29,-27,-49,-41,127,3
15:25:52.323980,-1,24,18,16,1,-50,127,-128
15:25:52.331975,28,22,16,-27,-4,-20,-128,90
15:25:52.353962,67,-7,-37,-79,-56,-64,23,113
15:25:52.354960,-19,8,3,-101,-128,-12,-7,-32
15:25:52.361957,-6,-12,-31,-90,-128,-1,-25,-33
15:25:52.368953,-42,-11,127,127,127,102,7,14
15:25:52.383943,18,12,-98,-128,-124,-24,-40,-44
15:25:52.390943,-61,-14,5,59,-79,38,124,-34
15:25:52.413924,-14,-3,-108,89,-128,-62,101,-23
15:25:52.414921,127,-50,102,-49,127,101,-128,40
15:25:52.421919,97,-17,-72,29,-88,-65,-65,127
15:25:52.428915,-13,35,-88,107,-128,29,-15,-3
15:25:52.443906,63,-13,75,61,127,127,104,84
15:25:52.451901,104,30,7,-13,32,-13,71,113
15:25:52.465893,-20,10,-45,-108,-52,-43,-60,-56
15:25:52.466889,-22,9,10,30,-59,15,46,106
15:25:52.481882,-5,-8,-10,-114,27,19,-37,-21
15:25:52.488878,16,-6,19,25,-84,-3,20,24
15:25:52.510868,27,7,-38,-128,59,1,16,2
15:25:52.511861,61,-5,-73,-1,-18,11,6,60
15:25:52.525862,41,3,56,26,82,1,13,19
15:25:52.526852,-5,1,-4,21,56,44,25,7
15:25:52.541846,-6,8,4,13,-101,-10,-3,-1
15:25:52.548841,21,7,-20,-66,-128,-40,-1,11
15:25:52.571823,2,1,22,77,117,11,-5,-11
15:25:52.571823,2,8,3,-112,-93,3,5,8
15:25:52.585817,-10,-7,-16,-92,33,-2,-23,-12
15:25:52.586814,-30,-9,10,27,38,-1,6,-21
15:25:52.601807,17,11,4,22,102,23,2,32
15:25:52.608804,25,6,-19,-102,61,15,12,34
15:25:52.623794,4,-1,-42,-128,42,-7,-4,-7
15:25:52.631787,-18,-11,13,80,-11,-7,-23,4
15:25:52.645780,12,-5,12,26,-57,-39,-26,3
15:25:52.646780,-4,2,23,11,-86,-8,-13,-38
15:25:52.661771,-8,2,8,-128,-128,-32,2,7
15:25:52.668766,-20,-7,-26,3,38,-15,-6,-14
15:25:52.683757,-35,6,21,24,76,40,20,0
15:25:52.691752,-13,-1,-4,-18,-20,12,0,38
15:25:52.706743,-18,9,-10,17,-5,19,38,9
15:25:52.706743,-7,-8,-4,-67,-107,-30,1,-4
15:25:52.721733,11,8,16,-33,-56,1,3,10
15:25:52.728729,-18,-15,14,34,-11,-11,-11,-14
15:25:52.743718,8,3,-8,-51,11,39,39,37
15:25:52.751715,-6,-4,1,-1,-21,-6,-19,-7
15:25:52.766703,-7,0,-2,-64,-42,-31,-30,-24
15:25:52.766703,-4,-5,-10,59,47,-5,4,-5
15:25:52.781697,2,2,20,-42,-6,8,15,13
15:25:52.788691,-2,1,-8,70,-53,-4,-2,-6
15:25:52.803680,-3,-5,0,45,86,-3,-4,-8
15:25:52.811678,-13,10,13,27,30,3,6,-4
15:25:52.833663,4,12,10,113,77,18,5,17
15:25:52.834662,6,10,4,100,56,-12,-18,-11
15:25:52.841659,-19,-7,3,32,33,-6,3,-27
15:25:52.848652,2,2,5,0,0,-8,-6,0
15:25:52.863643,-2,2,16,21,21,9,7,-1
15:25:52.871641,2,3,-10,35,-116,-11,1,2
15:25:52.886631,-38,-16,-22,19,21,-11,-20,-34
15:25:52.886631,-12,1,4,29,5,-10,-17,-25
15:25:52.901622,8,8,7,77,72,3,-18,-1
15:25:52.908617,-4,-8,-2,15,109,-17,4,13
15:25:52.923608,-8,-4,0,13,17,-1,-6,-12
15:25:52.931604,-1,0,5,5,-27,-1,-1,0
15:25:52.946595,20,-1,-17,95,26,2,7,3
15:25:52.947594,13,6,14,24,44,2,-10,10
15:25:52.976576,11,4,18,23,-7,4,1,-5
15:25:52.976576,5,2,-3,72,43,3,0,5
15:25:52.983571,0,1,20,20,29,1,1,3
15:25:52.991566,-2,-1,-6,-128,-91,-7,2,0
15:25:53.006557,-5,-2,0,7,22,-9,-17,-13
15:25:53.007553,-1,3,0,-7,-4,8,12,4
15:25:53.021548,-1,-1,-7,4,-10,-4,-3,-5
15:25:53.028543,3,0,7,14,-21,-3,-5,-9
15:25:53.043534,21,10,22,68,83,3,37,50
15:25:53.051529,-1,-1,2,-47,-71,-22,-16,-7
15:25:53.066520,2,-2,7,45,43,13,29,5
15:25:53.067516,3,1,-5,-34,-13,10,-2,17
15:25:53.081510,-6,1,7,-25,-102,-9,-2,0
15:25:53.088506,24,2,4,12,29,6,0,4
15:25:53.103496,3,-4,0,-4,-1,2,-3,-9
15:25:53.111492,-9,-8,2,9,-38,8,7,-17
15:25:53.126481,21,6,9,-58,-67,-5,2,-9
15:25:53.127482,-2,1,6,21,27,5,2,-1
15:25:53.141473,0,3,7,59,23,8,1,0
15:25:53.149467,3,1,-3,-115,-128,-6,7,9
15:25:53.179448,-5,-2,-2,27,46,10,-1,-4
15:25:53.179448,-9,-4,-5,-4,4,1,-7,-13
15:25:53.186445,2,0,1,-3,-8,-2,-3,10
15:25:53.194439,-6,0,-4,45,10,-2,-3,-6
15:25:53.208432,-28,-9,-5,17,2,-5,-6,-18
15:25:53.209431,-1,-1,2,77,74,4,-1,-1
15:25:53.223427,-4,-10,-15,-120,35,9,-3,-3
15:25:53.231417,28,3,6,-19,-79,-7,-1,13
15:25:53.246408,-3,-3,2,23,64,9,7,-1
15:25:53.261399,-4,0,-2,-31,-24,3,2,-9
15:25:53.269391,-2,2,1,1,7,0,15,-5
15:25:53.269391,-3,-7,-1,-1,-35,2,7,-8
15:25:53.284384,-6,-3,-8,-5,21,-23,-12,-9
15:25:53.291381,1,-1,-1,24,55,5,6,13
15:25:53.306371,1,5,-3,-128,-66,-2,-1,1
15:25:53.313366,-5,-5,-10,36,3,-6,-2,-3
15:25:53.329355,-43,-11,-1,20,36,-5,-13,-30
15:25:53.329355,-14,0,1,-6,-5,-6,-4,-1
15:25:53.344345,13,-5,-7,-12,-52,1,3,3
15:25:53.351343,0,-3,-1,-7,-58,1,2,3
15:25:53.366334,1,0,-1,115,28,0,-1,1
15:25:53.381325,-9,-5,-1,55,54,-9,-3,-3
15:25:53.396316,0,3,5,-6,9,5,2,2
15:25:53.403312,3,-8,-3,-13,-7,-2,-1,-7
15:25:53.404307,-4,0,-6,-4,6,-6,-13,4
15:25:53.411306,4,2,3,3,14,-7,-9,-1
15:25:53.434289,-2,-3,-4,-8,1,-12,-2,-5
15:25:53.434289,-1,0,2,-4,24,-3,-3,-3
15:25:53.449280,-2,-4,2,127,47,8,2,-1
15:25:53.449280,1,-1,-1,46,62,-2,-5,2
15:25:53.464270,1,-1,2,6,2,-1,-2,2
15:25:53.471268,-7,-3,-1,-15,3,0,6,0
15:25:53.494259,-2,2,4,-8,1,17,11,-1
15:25:53.494259,1,0,-4,-6,-7,-5,-1,3
15:25:53.509243,-7,0,-3,-5,-5,-4,-8,-18
15:25:53.509243,4,-2,0,-2,-7,-8,-5,0
15:25:53.524233,-11,-8,-2,-26,25,1,1,1
15:25:53.531229,-1,2,-2,-28,-54,-6,-1,-1
15:25:53.546222,-6,-9,-5,7,20,-5,-2,-6
15:25:53.554219,10,-2,-1,0,2,3,0,2
15:25:53.569207,-4,-1,-3,-1,-2,-5,-1,-6
15:25:53.569207,-6,-1,-2,0,-1,4,4,-2
15:25:53.584199,3,2,-3,-1,0,3,-2,7
15:25:53.591195,-2,-1,0,-3,-9,-7,-3,-3
15:25:53.606183,-4,3,-1,-3,-4,-3,-4,-1
15:25:53.614180,4,2,2,2,3,-5,2,3
15:25:53.629168,3,0,-1,-1,0,-2,0,-7
15:25:53.629168,-5,-1,-4,-4,-4,-7,5,-3
15:25:53.644162,14,6,3,4,10,24,50,41
15:25:53.651154,4,-2,-1,-2,-3,6,-10,10
15:25:53.666146,-1,0,1,1,11,15,-3,-3
15:25:53.681136,-3,-3,-1,-1,-2,-1,13,0
15:25:53.689134,0,0,0,15,8,-3,-1,-2
15:25:53.689134,-2,-3,2,17,17,3,-1,1
15:25:53.704124,1,7,2,2,1,-4,8,4
15:25:53.711117,-8,1,-1,-1,6,-3,-1,-4
15:25:53.726111,-10,-5,-6,-7,-3,-7,-5,0
15:25:53.734106,2,-1,-2,-4,1,6,8,5
15:25:53.756089,-11,-7,-5,-4,-5,-8,2,-3
15:25:53.757089,-1,0,-2,0,7,2,2,1
15:25:53.764088,0,0,-2,0,-5,-8,1,1
15:25:53.771082,0,0,3,1,11,-8,-8,-2
15:25:53.786078,-1,0,-5,11,58,1,2,-2
15:25:53.794069,0,1,-1,-13,-6,-6,-5,-1
15:25:53.809060,-4,-4,-5,1,10,3,4,1
15:25:53.809060,9,3,2,1,-2,2,2,4
15:25:53.824050,1,-5,-7,-7,-9,-16,-23,-4
15:25:53.831046,3,0,4,-1,0,6,3,2
15:25:53.854028,-4,-5,-1,-1,-4,-11,-9,-3
15:25:53.855028,-2,-2,1,0,-1,1,-3,-4
15:25:53.869022,0,2,1,3,21,5,1,4
15:25:53.869022,-1,5,3,6,-9,0,14,-3
15:25:53.884013,-2,-2,0,-2,-4,-4,-5,-2
15:25:53.891008,1,-2,-1,3,1,0,1,-4
15:25:53.906000,0,3,0,-26,-8,0,1,2
15:25:53.913994,-6,-3,-5,2,-2,-5,-6,-5
15:25:53.928985,0,0,-1,0,-4,-7,-1,-4
15:25:53.929982,5,1,0,1,1,-2,-2,1
15:25:53.943975,-3,-4,-1,-7,-2,-2,-9,-7
15:25:53.951971,-6,-2,0,-7,-7,-4,-2,-4
15:25:53.966960,-3,1,2,2,10,-6,-3,-1
15:25:53.973957,-1,-2,2,3,12,-4,-9,-4
15:25:53.988948,0,0,-2,-8,1,-5,-2,3
15:25:53.989944,-9,-3,2,-5,4,-2,-3,-6
15:25:54.010934,1,-1,0,6,1,6,11,5
15:25:54.026923,-2,2,0,-15,-7,0,-3,-3
15:25:54.026923,-3,-2,2,1,0,-1,-5,-5
15:25:54.033920,-5,-2,-1,-1,0,-7,-3,-1
15:25:54.048911,-3,0,-2,-4,-5,-1,-3,-4
15:25:54.049907,-8,-2,-2,-1,2,2,0,-4
15:25:54.071895,-4,1,3,9,3,-2,-1,1
15:25:54.071895,2,-1,-4,-2,0,-2,-5,-3
15:25:54.086887,0,-3,-1,-5,-6,1,-3,-5
15:25:54.093883,-1,-2,-1,0,-1,1,-5,-6
15:25:54.108873,-1,3,3,6,2,7,10,5
15:25:54.109873,0,-2,-3,-6,-6,-11,-8,-2
15:25:54.131858,2,-3,0,5,6,-10,-11,-2
15:25:54.131858,-5,-1,-1,-30,-10,1,0,-2
15:25:54.146849,0,0,-1,7,-11,-3,-2,-1
15:25:54.153845,-5,-5,-4,-5,-2,3,1,-3
15:25:54.176830,2,2,1,1,2,3,0,0
15:25:54.176830,1,-3,2,-2,-4,-3,-2,-1
15:25:54.191819,-4,-2,-4,0,2,5,2,-2
15:25:54.191819,-4,-2,-3,-6,-2,-2,-3,-1
15:25:54.206810,-3,0,-2,0,5,2,-1,-2
15:25:54.213808,1,2,-1,-1,2,2,-2,1
15:25:54.236791,-1,-2,1,-2,-4,-2,2,0
15:25:54.236791,0,-3,-3,-1,0,2,-1,-1
15:25:54.251781,0,-2,2,2,0,1,1,-3
15:25:54.251781,1,0,7,39,3,0,2,6
15:25:54.266773,-3,-1,-2,-19,0,2,14,2
15:25:54.273771,0,0,1,2,2,1,-5,-2
15:25:54.288762,1,3,1,3,-2,3,1,-2
15:25:54.296754,-1,1,-2,0,-4,1,2,3
15:25:54.311748,0,-1,-4,0,2,5,1,2
15:25:54.311748,-6,-5,-6,-4,-6,1,-5,-5
15:25:54.326738,-1,1,-1,0,-5,-3,-2,-2
15:25:54.333734,-1,-2,-5,-1,-5,0,0,1
15:25:54.356717,0,0,0,1,7,7,0,1
15:25:54.356717,-3,-1,2,0,-6,-5,2,0
15:25:54.371710,-3,-3,-4,-4,1,-1,-4,-3
15:25:54.371710,1,0,1,2,3,-2,1,-5
15:25:54.386701,-5,0,1,-1,3,-3,-2,-5
15:25:54.393697,-2,1,-1,-1,0,-1,-2,-1
15:25:54.408686,-1,0,-3,2,-1,-3,-3,-4
15:25:54.416682,2,0,1,-2,-4,-6,-1,0
15:25:54.431673,-3,-2,-1,1,-2,-2,-2,-4
15:25:54.432673,-1,-5,-3,-4,-3,-1,-3,-1
15:25:54.453659,3,4,1,3,4,-3,-10,-1
15:25:54.454659,-3,-3,-3,0,1,-3,1,-1
15:25:54.468647,-5,2,-4,19,5,0,-1,-4
15:25:54.483640,0,-3,-1,-2,4,-1,1,-4
15:25:54.491636,2,3,-2,1,1,5,0,2
15:25:54.491636,0,-2,0,3,2,1,-1,0
15:25:54.513622,-1,0,-1,-4,-2,3,-2,-3
15:25:54.514619,-3,-5,0,-3,-4,-4,1,0
15:25:54.528610,3,1,2,1,6,6,2,5
15:25:54.536608,-4,1,1,1,3,-2,3,0
15:25:54.551600,-4,-2,-2,-3,5,2,-2,-2
15:25:54.552598,-2,-1,-1,2,-1,-4,1,-1
15:25:54.566589,3,3,0,5,-1,2,0,0
15:25:54.573585,-1,-2,-5,-7,-6,-4,-5,-5
15:25:54.588576,-4,1,-2,0,7,2,-4,2
15:25:54.603568,-2,-5,-1,-3,-3,-1,-1,-2
15:25:54.611561,4,5,3,-7,-9,-1,2,6
15:25:54.611561,-2,0,0,-22,-3,3,1,-3
15:25:54.626552,-4,-3,-3,3,0,-3,-2,-1
15:25:54.633546,6,4,5,5,10,7,7,7
15:25:54.648542,-2,-2,-4,0,-12,-9,0,-3
15:25:54.656534,-4,-5,-2,0,9,4,-2,-3
15:25:54.671525,1,1,2,-2,-4,-1,2,1
15:25:54.672524,-1,-3,0,-1,-7,-2,0,1
15:25:54.686515,1,0,-4,0,-2,-1,0,0
15:25:54.693516,0,0,-1,-2,2,-1,-3,-3
15:25:54.708502,-4,-2,-3,1,-1,2,2,6
15:25:54.716494,0,-2,-1,-1,0,-2,-2,-2
15:25:54.731488,1,0,0,4,1,2,2,2
15:25:54.732487,0,-1,-3,5,-12,-4,-1,-5
15:25:54.746478,2,-3,-4,-15,-3,-3,-3,-1
15:25:54.754473,-2,0,-2,-1,-10,-8,-1,-4
15:25:54.776460,-1,2,1,0,3,-1,2,-3
15:25:54.777456,-2,1,2,4,1,3,0,-2
15:25:54.791450,0,-5,-1,-1,0,0,0,1
15:25:54.792449,-1,-3,-1,1,3,2,-1,-2
15:25:54.806440,-1,-1,0,-2,-4,-4,-5,-3
15:25:54.814436,0,-1,-3,0,0,-6,-4,-2
15:25:54.829426,0,-2,1,5,-2,0,-1,-1
15:25:54.836422,-4,-3,-5,-5,-15,-6,-3,-5
15:25:54.851413,8,-3,-3,-2,7,-3,-3,-1
15:25:54.852409,1,-2,-2,-4,2,2,0,-1
15:25:54.873399,4,1,0,2,1,1,3,0
15:25:54.874397,0,1,1,-3,-1,-4,-3,-2
15:25:54.889388,-2,-1,2,2,8,3,2,2
15:25:54.896385,-1,-1,0,6,-1,0,0,0
15:25:54.911376,-2,-1,-5,-19,-8,5,0,-1
15:25:54.912375,3,-4,3,7,9,2,0,0
15:25:54.926366,0,-1,-1,-2,-4,-1,-2,0
15:25:54.934361,-4,-2,-1,4,0,2,0,-2
15:25:54.949349,-5,-3,-4,-5,2,2,-2,-5
15:25:54.957347,-1,-3,0,-3,-3,-2,0,0
15:25:54.971335,3,0,-1,-2,-2,1,1,3
15:25:54.972338,0,0,-1,0,1,-2,-1,2
15:25:54.986329,-3,0,1,0,-2,1,0,-2
15:25:54.994324,4,0,-4,-4,-9,-5,-2,1
15:25:55.009312,1,1,1,5,6,1,0,0
15:25:55.016310,2,0,-1,-1,-3,-4,1,-2
15:25:55.031301,1,-1,-3,-1,-5,-5,-2,1
15:25:55.032298,2,4,3,4,4,2,5,4
15:25:55.046291,0,-3,-2,1,-3,1,-2,-2
15:25:55.054288,-2,0,0,0,-5,-1,-2,-1
15:25:55.069280,1,-3,-4,-4,-4,-1,-1,-5
15:25:55.076273,-2,0,1,0,2,6,3,-1
15:25:55.091262,-1,-1,-1,-4,-7,-5,-2,-3
15:25:55.099260,-1,-4,-6,-5,-9,-7,-1,-5
15:25:55.114250,1,-1,-5,-6,-4,-5,-4,-2
15:25:55.114250,-3,-1,-6,0,-4,-6,-3,-4
15:25:55.129240,0,0,0,-1,0,-3,0,-3
15:25:55.136233,-2,-2,-1,-4,-2,1,-3,-3
15:25:55.151226,-1,2,2,-1,-2,-2,1,5
15:25:55.159222,-2,0,0,3,7,-4,-4,-1
15:25:55.174210,-4,-4,0,0,-7,-6,1,-2
15:25:55.174210,1,3,-1,1,2,3,1,4
15:25:55.189203,-6,-3,-3,-4,-4,3,-2,-6
15:25:55.196196,2,1,4,4,6,4,2,0
15:25:55.219190,-3,1,-2,1,-2,-1,-1,-4
15:25:55.219190,-4,-1,-1,1,-4,-4,0,-4
15:25:55.234175,-1,0,-3,4,-7,-5,0,0
15:25:55.234175,-4,-4,-3,-8,-9,0,-1,1
15:25:55.249167,-4,-6,-5,1,3,-2,-3,-3
15:25:55.256159,-2,-4,2,0,2,1,-2,-1
15:25:55.271151,-2,-1,-1,2,-3,-2,-3,0
15:25:55.286141,-2,-2,-1,-3,1,-2,-3,1
15:25:55.294138,1,1,2,3,7,7,2,1
15:25:55.294138,-2,-1,-4,-1,0,2,0,-3
15:25:55.309129,1,0,3,5,1,0,1,-1
15:25:55.316127,1,0,2,1,3,1,-2,2
15:25:55.331114,-2,2,0,0,5,-1,0,-2
15:25:55.339110,-10,-5,-2,-3,-5,-2,-4,-7
15:25:55.354101,-1,-2,-2,-2,0,0,-2,-4
15:25:55.355097,-4,-1,0,-1,-1,1,1,-3
15:25:55.376087,4,2,-2,1,-1,-3,0,1
15:25:55.377087,8,8,7,7,7,3,6,10
15:25:55.391079,3,-1,0,-1,-7,-3,2,1
15:25:55.399073,-2,-1,0,0,-3,-3,-3,0
15:25:55.414064,1,-1,-1,0,-5,-4,2,3
15:25:55.415060,-3,-4,-1,-1,-3,-4,-2,1
15:25:55.436049,-1,-1,-2,-3,-7,-1,-2,-1
15:25:55.437047,-1,-2,-1,-1,1,0,-1,-1
15:25:55.451037,2,4,2,1,0,0,1,0
15:25:55.459037,5,3,0,1,2,4,3,3
15:25:55.481020,-1,0,-2,0,2,3,3,3
15:25:55.482022,0,-1,-2,0,0,-1,2,-1
15:25:55.489018,1,-2,0,0,2,0,1,2
15:25:55.496013,1,-3,0,-2,0,0,0,0
15:25:55.511004,1,-3,-3,-1,0,-1,-1,2
15:25:55.518999,1,3,-2,-1,-3,-3,3,1
15:25:55.533990,0,0,3,1,2,-2,0,-3
15:25:55.534986,1,0,-1,1,10,-2,0,0
15:25:55.548980,-4,-5,1,-4,-1,-6,-3,-6
15:25:55.555979,-3,-3,-2,-2,-4,-1,-3,-4
15:25:55.570966,-2,0,-2,-2,-2,-4,0,0
15:25:55.578962,-2,0,-3,0,0,-3,-2,-3
15:25:55.593953,-2,-3,-3,-2,-2,-3,-1,-1
15:25:55.594952,-1,-1,0,2,6,7,4,1
15:25:55.608943,-4,-2,-3,1,-4,-4,-2,1
15:25:55.616938,-2,0,-1,-2,-5,-4,-1,-2
15:25:55.631926,-7,-4,-4,-7,-5,-2,-1,-1
15:25:55.638922,-2,0,0,0,2,-1,2,-1
15:25:55.653915,-1,-3,-2,-2,-7,0,-3,1
15:25:55.654914,3,2,0,3,-6,-6,-1,1
15:25:55.668906,1,0,0,-2,-1,-3,0,1
15:25:55.675902,-3,1,-3,-3,0,0,-1,-1
15:25:55.698888,-1,-1,-1,1,2,-1,1,0
15:25:55.699887,-1,2,-2,1,-3,-4,-1,0
15:25:55.713878,-5,-5,-3,-2,2,3,2,0
15:25:55.714874,-3,-4,1,-4,-8,-4,-3,0
15:25:55.728868,-1,-3,-1,-1,4,1,1,2
15:25:55.736861,0,0,-2,3,-4,1,-4,-1
15:25:55.751853,-1,-1,0,2,3,0,0,-1
15:25:55.758850,5,0,-3,-1,-1,-2,-2,2
15:25:55.773841,0,-1,-1,-1,1,2,1,1
15:25:55.774840,-2,2,0,1,-5,-1,-2,-5
15:25:55.796825,0,0,0,0,-1,-4,-2,-3
15:25:55.796825,-4,-4,-1,2,-3,-1,-7,-6
15:25:55.811817,-3,-5,-3,-4,2,-2,-3,-3
15:25:55.818813,1,3,2,-2,2,1,1,3
15:25:55.833804,2,0,2,1,-1,-4,0,-1
15:25:55.834803,0,-2,-1,1,1,3,0,2
15:25:55.848792,0,1,-2,-4,-7,-7,-1,2
15:25:55.856789,-2,-1,-3,-3,-2,-1,-1,-4
15:25:55.871782,1,-1,2,-2,0,-5,-1,-2
15:25:55.886770,-2,-3,-3,-5,1,0,0,-1
15:25:55.901758,0,-2,-1,-3,-1,-5,-3,0
15:25:55.901758,2,-2,-1,-2,-5,0,-1,-2
15:25:55.908757,2,1,4,4,3,5,1,3
15:25:55.916749,-1,-4,-4,-1,-5,-5,-3,-5
15:25:55.931740,-1,-1,-3,-8,-4,-1,-2,-1
15:25:55.946731,4,0,0,-2,-4,-6,-2,1
15:25:55.953729,2,1,1,-1,3,3,1,-1
15:25:55.954729,0,0,2,-1,0,-2,-1,2
15:25:55.968719,-4,-2,-1,1,-4,-4,-4,-5
15:25:55.976715,-2,0,0,-3,-1,0,0,-3
15:25:55.998702,0,-2,0,0,1,0,1,-3
15:25:55.999701,2,2,2,2,1,-2,2,-2
15:25:56.013692,-1,-2,-3,-4,-3,-3,0,2
15:25:56.014692,-1,3,-1,2,3,1,1,2
15:25:56.036678,0,-1,-1,-2,-4,-3,0,-1
15:25:56.036678,3,2,0,-1,3,-1,1,1
15:25:56.051668,-3,0,0,-1,3,-2,-6,-7
15:25:56.058664,1,4,2,2,8,3,2,3
15:25:56.073653,4,6,5,2,1,-1,2,6
15:25:56.081650,-1,-2,-3,-2,-4,-5,-3,-4
15:25:56.096637,-1,-3,-1,-1,-1,0,-2,-3
15:25:56.097641,-1,-1,-3,-1,-2,-2,-3,-1
15:25:56.111631,-3,-2,-2,-4,-7,-3,-6,-1
15:25:56.118624,0,-2,2,-3,-8,-1,-1,-3
15:25:56.134616,0,-3,1,5,-3,-1,-1,4
15:25:56.141613,0,1,0,6,1,-2,2,4
15:25:56.156604,1,0,0,-3,-1,0,-1,0
15:25:56.157600,5,5,4,2,1,-1,4,2
15:25:56.171595,-3,-1,-3,-3,-5,-4,-6,-1
15:25:56.178589,0,2,-3,-1,-4,-2,-3,0
15:25:56.208568,2,1,2,-1,-1,-3,-1,1
15:25:56.209570,-2,-1,-2,-4,-9,-4,-5,-7
15:25:56.216566,-4,-2,-5,-4,-3,-1,-1,0
15:25:56.216566,1,-1,1,1,-1,2,0,1
15:25:56.231557,2,0,3,1,1,-1,1,2
15:25:56.238552,-2,1,2,1,-4,0,2,-3
15:25:56.253540,-3,1,-4,2,4,-4,0,0
15:25:56.261539,0,-2,2,-5,-4,0,0,1
15:25:56.276529,-3,-1,-3,-3,-16,-3,-3,-3
15:25:56.277526,-2,-1,-1,0,4,0,-2,-3
15:25:56.298514,-2,-5,-5,-5,-5,-4,-4,-4
15:25:56.299515,1,0,-3,-1,-3,0,2,2
15:25:56.313506,-2,-3,-2,-1,-3,-1,0,-2
15:25:56.321501,-4,-4,-3,-2,-2,-3,-2,-4
15:25:56.336492,1,6,3,7,6,0,2,3
15:25:56.337492,-3,-4,0,-2,-1,2,-3,0
15:25:56.351482,-2,-3,-1,1,-2,-1,2,-1
15:25:56.358479,-1,0,1,-4,-3,3,0,0
15:25:56.373469,-2,-2,-4,-3,0,-1,-2,0
15:25:56.381464,0,0,2,1,-3,-3,0,-1
15:25:56.396455,-5,-4,-4,-2,-2,0,-2,-1
15:25:56.397454,0,-1,-1,-1,-3,-3,-5,-2
15:25:56.411446,-1,0,-2,0,0,1,1,-2
15:25:56.418443,-3,0,0,1,1,2,3,-3
15:25:56.433432,0,5,3,6,7,-1,3,3
15:25:56.441427,1,1,0,-1,-2,-2,-1,-3
15:25:56.456417,-4,-3,-1,-2,-7,-9,-5,0
15:25:56.457417,-3,1,-2,-1,-2,-2,0,-4
15:25:56.471408,0,1,0,1,-1,-2,1,-2
15:25:56.479403,1,-4,2,1,1,1,1,1
15:25:56.494393,-2,0,-2,-3,-2,1,-3,-1
15:25:56.501389,-4,0,-3,-1,4,1,-4,-4
15:25:56.524373,0,1,-2,-2,-5,0,-1,-1
15:25:56.524373,-2,0,-2,1,1,-2,-3,-2
15:25:56.531370,-3,0,0,-1,-3,1,0,-1
15:25:56.546362,-4,-2,-2,2,-3,0,0,-2
15:25:56.554357,-2,0,0,4,6,4,2,0
15:25:56.561352,6,5,3,5,6,8,4,2
15:25:56.576343,-5,-5,-3,-3,-4,0,-7,-7
15:25:56.577343,0,-1,2,2,-10,0,-2,-3
15:25:56.591334,-1,-1,1,0,-4,2,0,-1
15:25:56.598329,-3,-1,-1,1,2,4,-1,1
15:25:56.614319,3,1,-4,-2,-3,-2,1,0
15:25:56.629310,-1,0,0,-2,-2,-2,-1,-1
15:25:56.636307,0,2,-3,-1,-1,1,0,2
15:25:56.644298,1,0,-1,-1,-3,0,1,-4
15:25:56.651294,1,-1,1,-2,-3,-3,-1,1
15:25:56.659292,-3,-6,-4,-3,-2,-6,-5,-3
15:25:56.674282,-2,1,-1,0,4,2,0,1
15:25:56.681276,-1,-2,-2,-5,-10,-8,0,-1
15:25:56.696268,-1,0,0,0,1,-1,0,0
15:25:56.704264,-2,-1,-2,-3,0,-4,-2,-5
15:25:56.718265,0,4,1,-1,2,1,3,3
15:25:56.719254,1,1,1,2,0,-6,2,3
15:25:56.741241,-1,-4,-1,-6,-3,-3,-4,-6
15:25:56.742240,-2,-4,-1,-2,-1,0,1,0
15:25:56.756230,2,0,-3,0,2,3,0,0
15:25:56.764226,-3,-2,1,-2,-1,-3,-1,1
15:25:56.771221,-2,-2,0,1,1,-1,0,-1
15:25:56.779214,-1,1,-3,-3,-5,1,2,-1
15:25:56.794208,4,2,7,6,6,2,4,5
15:25:56.801202,-3,-2,-2,-3,-1,-1,0,-4
15:25:56.816194,0,-1,0,5,3,2,2,3
15:25:56.824189,4,2,1,4,4,-1,2,5
15:25:56.831182,-2,-2,-3,0,2,1,-2,-2
15:25:56.839180,-3,-2,1,0,-3,-1,-1,-2
15:25:56.854171,-2,-1,-1,-3,0,-4,-2,-3
15:25:56.861166,-2,-1,0,-2,-4,-9,-3,-1
15:25:56.876155,-1,0,-2,-1,0,-3,-1,1
15:25:56.884152,0,-2,0,-2,-2,-2,1,-2
15:25:56.891148,0,-2,0,-2,-1,-1,-3,-3
15:25:56.899142,0,-2,0,1,2,3,0,-1
15:25:56.914134,-2,1,-2,1,6,-3,-3,-4
15:25:56.921129,-1,-4,-1,-2,-4,-1,-3,-2
15:25:56.936119,-1,0,1,-3,3,-4,-2,-1
15:25:56.944115,-1,-3,-2,-2,-3,1,0,0
15:25:56.951111,-1,-1,-1,-1,-7,0,1,-1
15:25:56.959106,0,-2,-4,-1,-1,1,0,-2
15:25:56.974097,0,1,-1,0,1,3,2,0
15:25:56.981094,2,0,1,0,-3,-3,-2,-1
15:25:56.996083,-2,-5,-3,-7,-7,-5,-3,-2
15:25:57.004078,1,-2,-2,-1,3,-1,-4,1
15:25:57.019069,3,2,-1,3,-7,-3,0,1
15:25:57.020068,0,2,-1,-2,-2,-6,-3,-2
15:25:57.041052,-3,-3,-4,-1,-5,-2,-3,-1
15:25:57.042054,2,0,2,1,-4,-2,-2,1
15:25:57.056045,3,1,3,-1,-7,-3,-1,-4
15:25:57.064041,-1,1,-1,0,1,-5,-2,-1
15:25:57.079032,-5,-4,-2,0,5,1,-1,-2
15:25:57.080029,2,1,-1,2,4,1,0,-2
15:25:57.094022,-3,-3,-1,-2,-1,-1,-1,-4
15:25:57.102017,0,0,0,2,0,-3,-1,1
15:25:57.116008,0,1,-2,-1,-1,0,-2,-3
15:25:57.131995,-1,-3,-1,0,0,-2,-2,-2
15:25:57.138994,-3,-3,-3,-1,-8,-2,-2,-4
15:25:57.139992,-1,-2,-2,0,1,-3,-2,0
15:25:57.160980,1,2,1,3,9,5,2,0
15:25:57.161979,1,4,3,5,7,8,3,3
15:25:57.175971,-4,-4,-1,-2,-2,1,-3,-1
15:25:57.183966,0,-1,-2,-3,-4,0,-1,-1
15:25:57.198957,-1,-2,1,0,1,-2,-1,-3
15:25:57.199954,-4,-3,-2,-6,-2,0,-3,-2
15:25:57.213948,1,-3,1,-2,-3,-2,0,-3
15:25:57.221943,-1,-2,1,1,0,-1,-2,-2
15:25:57.235937,-2,0,-1,-1,-1,-3,-5,-4
15:25:57.243929,5,6,1,5,11,6,5,8
15:25:57.258920,1,0,-2,0,-2,-1,0,1
15:25:57.259919,0,-2,-3,0,-1,-1,-1,-2
15:25:57.273910,-1,-1,-3,-2,-3,0,1,0
15:25:57.281907,2,-1,-2,-4,-1,0,0,-2
15:25:57.295898,0,1,1,2,3,1,3,3
15:25:57.303892,-1,3,0,0,-7,-3,0,-1
15:25:57.318882,0,0,1,0,8,5,1,2
15:25:57.319883,2,1,2,3,5,-1,0,2
15:25:57.333873,-3,-2,-1,-3,0,0,-2,-6
15:25:57.341865,1,-1,-2,2,2,2,1,1
15:25:57.356859,-1,1,-5,0,-6,-4,-3,-3
15:25:57.363855,1,-3,-1,-3,-5,-1,-2,-2
15:25:57.378845,-1,2,0,2,3,2,2,2
15:25:57.379845,0,-2,1,3,8,-1,0,2
15:25:57.393836,-2,-5,-1,-6,-12,-3,-5,-2
15:25:57.401831,0,-2,-2,-3,-1,-6,-1,1
15:25:57.416822,0,-3,-3,-3,1,-1,-2,-1
15:25:57.423817,0,-2,-1,3,2,2,-1,-2
15:25:57.438808,0,1,1,0,1,5,2,3
15:25:57.439804,-2,-1,1,-2,-1,-1,1,1
15:25:57.453799,0,0,-2,2,-1,0,-2,0
15:25:57.461794,3,-2,-1,-5,0,0,-2,-1
15:25:57.476783,4,4,3,5,6,-1,4,2
15:25:57.483778,-3,0,-3,-4,1,-3,-5,-6
15:25:57.498771,1,1,1,3,1,3,2,2
15:25:57.499770,-1,-1,-3,1,2,0,-1,-1
15:25:57.513759,-1,0,-3,-3,-3,0,0,1
15:25:57.521756,-1,-5,0,-1,1,-1,1,0
15:25:57.536747,-1,-3,0,2,1,-2,-1,-4
15:25:57.551735,-4,3,-1,1,-1,2,0,0
15:25:57.566726,1,5,3,-1,3,4,1,2
15:25:57.566726,2,3,2,1,0,-1,-3,-3
15:25:57.573723,1,1,0,4,-2,-1,-1,0
15:25:57.581719,-3,-1,-1,0,-1,1,-2,-4
15:25:57.596711,-1,-3,0,-1,-1,3,0,1
15:25:57.603706,-1,0,-1,-1,-1,-2,-3,-1
15:25:57.618696,-3,-3,-1,-2,2,2,1,-3
15:25:57.619693,-1,-2,0,1,2,4,0,-4
15:25:57.641680,-2,-2,-3,-1,1,1,-1,-1
15:25:57.641680,0,-1,2,0,1,-4,1,-2
15:25:57.656673,-1,-2,0,-3,-4,-2,-2,-1
15:25:57.663668,-1,-3,-1,-2,-3,-1,0,-3
15:25:57.678659,4,3,6,10,18,4,4,5
15:25:57.679656,0,-1,-2,-2,-7,-3,-1,-1
15:25:57.693648,2,0,-3,1,3,-1,2,3
15:25:57.701645,-1,-3,0,0,-1,-4,0,-2
15:25:57.716636,0,0,-2,-4,-1,-2,0,-6
15:25:57.723631,2,-3,-1,-1,-5,-8,-2,-4
15:25:57.738622,-4,-3,-3,-1,-2,-3,-2,-1
15:25:57.739620,-2,0,-2,0,-1,0,1,-1
15:25:57.753614,-4,-1,-1,0,-3,-4,-2,-2
15:25:57.761608,-2,0,1,1,5,-1,2,0
15:25:57.776599,1,-1,-1,-3,-4,-1,-3,-5
15:25:57.783591,-2,-2,-1,5,-3,-2,-1,1
15:25:57.798585,1,0,1,3,8,1,2,4
15:25:57.799581,-1,0,-2,-2,-1,1,0,-1
15:25:57.821571,1,-1,-1,0,-3,2,0,-5
15:25:57.821571,-1,0,-2,0,-5,-4,-1,-4
15:25:57.836561,1,3,-4,-2,-1,1,-1,-1
15:25:57.843557,-2,0,-2,0,-2,1,3,-4
15:25:57.858547,-1,0,1,1,-2,0,1,1
15:25:57.859545,-5,-2,-2,1,-2,-1,-1,-1
15:25:57.873538,-1,-1,-3,-4,1,2,2,0
15:25:57.888529,-1,0,-4,-4,-5,-4,0,-1
15:25:57.896525,0,-1,0,3,1,2,0,-1
15:25:57.911515,0,-1,-1,-1,-3,-7,-3,-2
15:25:57.918508,-2,-5,-3,-1,0,-3,0,-3
15:25:57.919508,-2,0,-1,1,3,-1,-1,-1
15:25:57.941497,1,-2,-1,1,-5,1,0,0
15:25:57.942496,0,-2,-4,-3,-4,0,-3,-1
15:25:57.963481,-3,-2,1,-2,-9,-3,-2,-2
15:25:57.964482,0,0,-1,-1,1,-1,-1,1
15:25:57.978474,0,1,1,2,0,-2,-3,-1
15:25:57.986468,-2,3,-1,-2,1,1,-1,0
15:25:58.001459,1,-2,-3,1,-1,-3,-2,-3
15:25:58.002463,-3,1,-2,-5,-1,1,-2,-5
15:25:58.016450,2,0,-2,0,5,3,3,-1
15:25:58.024442,-1,-1,4,0,2,1,3,2
15:25:58.039435,-1,-2,-2,-3,0,-1,-1,-4
15:25:58.046431,-1,-2,1,-1,-10,-1,-3,0
15:25:58.061422,-3,-4,-3,-1,0,-3,-3,1
15:25:58.062426,-1,-2,0,1,-5,-3,-2,-3
15:25:58.076413,-2,0,-3,-3,0,1,-2,1
15:25:58.084405,-3,-4,-2,-2,1,-2,-2,0
15:25:58.098400,0,0,1,-3,3,4,-1,-1
15:25:58.114389,-4,0,1,-5,-1,-3,1,-2
15:25:58.121385,2,1,1,1,0,0,-1,-3
15:25:58.122381,-3,-4,-2,-2,-4,0,0,0
15:25:58.136379,-2,-4,-1,-3,-4,0,1,1
15:25:58.151365,-2,0,-1,2,2,-3,0,2
15:25:58.159360,-1,-2,1,-2,-3,-4,1,-1
15:25:58.166357,0,2,0,2,-4,-5,0,0
15:25:58.181348,0,3,0,-1,-3,2,-4,-4
15:25:58.182347,0,-3,2,-2,1,-3,0,1
15:25:58.196338,1,2,0,-3,-2,-5,-1,0
15:25:58.204333,3,0,2,-1,2,2,0,0
15:25:58.219321,-3,0,-1,1,0,-3,-4,-4
15:25:58.226320,1,0,-3,2,1,0,0,-3
15:25:58.241311,0,0,-1,-3,-10,-6,0,-1
15:25:58.242310,-1,-1,-1,-1,-4,-3,-1,-2
15:25:58.256302,0,1,-1,1,5,4,1,2
15:25:58.264296,-2,-2,0,-1,-1,-1,-1,1
15:25:58.279287,-4,-4,-4,0,-3,-1,-4,-2
15:25:58.286281,0,0,-1,1,2,2,0,-2
15:25:58.301273,-2,-2,0,-2,-9,2,1,-1
15:25:58.302273,7,3,4,8,12,11,5,4
15:25:58.316263,0,-1,-1,-1,1,0,1,-1
15:25:58.324258,-2,1,1,-4,-5,-1,-1,1
15:25:58.339250,-1,-2,2,-2,-3,-1,0,-1
15:25:58.346245,0,0,-1,-1,-1,0,1,0
15:25:58.361236,-2,-5,-2,-4,-1,1,-1,-2
15:25:58.362235,-3,-2,-1,1,-9,-4,-6,0
15:25:58.376223,-2,1,0,3,-1,-1,0,-2
15:25:58.384222,1,1,1,-1,1,0,1,-2
15:25:58.399212,1,-2,1,-4,-3,-4,1,-3
15:25:58.406207,2,-1,1,-1,-7,-1,0,0
15:25:58.421199,-3,-2,-3,-2,1,-1,0,-1
15:25:58.422198,1,1,-1,-2,-2,-2,-1,-2
15:25:58.436190,0,0,0,-1,1,-4,-3,1
15:25:58.444185,-3,-1,-4,1,6,1,1,-2
15:25:58.459176,1,-5,1,0,-3,-3,-1,-1
15:25:58.474166,0,0,-1,-3,-7,-5,-1,-1
15:25:58.481162,0,3,2,2,2,0,2,0
15:25:58.489157,-1,0,0,0,7,3,2,0
15:25:58.496152,-3,-2,-2,4,-6,2,-1,0
15:25:58.504148,-3,-3,-2,-3,-8,-3,-4,-2
15:25:58.519138,-1,4,3,4,6,4,0,2
15:25:58.526132,-3,-2,-1,-3,-2,1,1,-4
15:25:58.541125,2,-2,-1,-2,0,1,1,1
15:25:58.542124,-3,0,0,-1,0,0,-3,-2
15:25:58.556115,1,3,-2,0,1,3,5,0
15:25:58.571106,-1,-1,-2,-3,-5,1,-2,-2
15:25:58.579101,-1,-3,-1,0,1,-1,-4,-2
15:25:58.586097,-4,-2,-3,-1,3,-3,-2,-4
15:25:58.601087,-1,-1,-2,0,2,-3,-2,1
15:25:58.602087,-1,-3,-4,-4,-1,-3,-1,-2
15:25:58.616077,1,-1,-3,2,2,-3,0,1
15:25:58.632066,1,-2,3,1,1,1,0,1
15:25:58.639064,0,-2,-3,0,-2,1,-1,-3
15:25:58.646059,-2,0,0,-1,0,-1,0,1
15:25:58.661049,-1,0,-2,1,0,-1,2,-2
15:25:58.662049,1,1,1,1,3,5,1,0
15:25:58.676047,-3,0,-5,-2,-1,-1,-1,-1
15:25:58.684036,0,-1,-1,-1,3,1,0,0
15:25:58.699027,-2,0,-3,1,2,-4,-2,-3
15:25:58.707020,-2,-2,0,1,1,-1,0,0
15:25:58.721013,-1,-2,-3,0,-9,-6,-1,0
15:25:58.722012,1,1,0,1,1,1,0,0
15:25:58.737002,-2,-1,-3,1,-1,0,-2,2
15:25:58.750994,0,-3,-1,-1,0,2,-2,-2
15:25:58.758989,-3,-1,-2,-3,-3,-1,1,1
15:25:58.766984,2,2,-2,1,8,2,3,0
15:25:58.780975,-1,-1,-1,-2,-1,-5,-1,2
15:25:58.781972,-4,-3,0,-3,-2,1,-2,-3
15:25:58.796965,-3,-1,0,-1,1,0,0,-1
15:25:58.803962,0,5,0,2,4,2,2,1
15:25:58.818952,-2,1,-5,-1,2,0,-1,-3
15:25:58.825948,-1,-3,-3,-3,-3,0,1,-3
15:25:58.840945,-4,0,0,1,-4,-1,0,0
15:25:58.841937,-5,-1,1,-2,1,1,1,2
15:25:58.856929,-1,2,-3,-3,0,1,1,-3
15:25:58.863924,0,2,-1,0,-5,-3,0,-1
15:25:58.878915,0,-5,-3,1,1,-1,-3,-2
15:25:58.893905,-2,-1,-2,-4,-6,-6,-2,-2
15:25:58.900901,-1,-2,0,-1,-6,-6,-4,-1
15:25:58.908894,-2,-3,-2,0,-3,-3,0,-1
15:25:58.923888,-3,-4,-1,1,-1,-3,-1,-1
15:25:58.924884,0,-1,-2,1,-2,-2,0,-3
15:25:58.945874,-1,1,-2,-2,-3,-2,0,-1
15:25:58.946870,-1,-3,1,2,1,1,-4,3
15:25:58.961860,-3,-2,0,0,-7,-5,-3,-1
15:25:58.968859,4,1,1,5,4,5,3,1
15:25:58.983847,-1,-1,1,-5,1,-5,-3,-2
15:25:58.984846,-1,-2,0,-1,5,-3,0,0
15:25:58.998841,-2,-4,1,-2,-3,-3,-2,-3
15:25:59.006835,-2,0,-3,2,0,0,1,-4
15:25:59.021827,0,-1,-3,-1,1,0,-4,-5
15:25:59.028822,-2,-2,0,1,-1,1,2,-1
15:25:59.043813,-3,-3,-1,-6,-4,3,-3,2
15:25:59.044811,1,-2,0,-3,-2,0,7,0
15:25:59.058804,-1,-1,-4,-2,-4,-2,-1,-4
15:25:59.073793,-1,-1,-1,-1,-8,-3,1,-1
15:25:59.081789,-3,0,1,1,5,1,-1,-2
15:25:59.088784,-2,1,-2,-2,-5,-1,1,-3
15:25:59.103776,-2,1,-3,-2,3,5,0,2
15:25:59.104775,-1,-3,-2,-4,-11,-4,-5,-4
15:25:59.118763,0,0,0,0,-7,-4,-2,-1
15:25:59.126762,2,-2,-2,-2,3,-2,1,-1
15:25:59.141752,-3,0,-2,3,2,5,1,3
15:25:59.163739,-5,0,2,-2,-3,2,-3,-2
15:25:59.164745,-1,-1,1,-1,-1,-1,-2,-3
15:25:59.171731,-2,-3,-3,0,-4,-5,-1,-1
15:25:59.178727,1,-1,-1,-4,-1,-1,0,1
15:25:59.186724,1,-1,-3,1,-1,1,5,2
15:25:59.201712,0,-1,-1,0,-4,-5,-1,-2
15:25:59.208709,-2,0,0,-2,-1,-2,-1,-3
15:25:59.231696,-3,-2,0,-2,0,4,3,-1
15:25:59.231696,-2,-2,0,2,-4,-1,0,2
15:25:59.238689,-4,-1,-3,0,-1,-3,1,-2
15:25:59.246687,1,5,1,-1,-5,0,0,2
15:25:59.261675,1,0,0,0,2,-2,-1,2
15:25:59.268673,-2,3,-1,2,0,-3,-2,0
15:25:59.283664,2,-3,1,-1,1,1,3,1
15:25:59.284663,2,0,-2,-1,-6,1,0,-3
15:25:59.298656,0,0,0,2,3,4,2,0
15:25:59.306650,0,0,-1,1,-1,-1,-2,-3
15:25:59.321641,-3,-3,-1,-1,1,0,1,-2
15:25:59.328637,0,-3,0,-1,0,-3,0,-4
15:25:59.343627,-2,1,-1,-2,-1,-1,-1,-2
15:25:59.344626,-1,2,0,-1,1,-4,-1,1
15:25:59.366613,-4,0,-1,1,-4,0,-5,-2
15:25:59.367611,0,1,-1,1,-1,-2,0,-1
15:25:59.381603,-5,-1,-1,-4,-3,-3,-1,-2
15:25:59.388599,1,-3,1,-1,-3,0,-1,-3
15:25:59.403592,-1,-4,-4,-2,-3,-1,-1,-3
15:25:59.404590,0,-1,-1,0,-1,-4,0,-3
15:25:59.418580,-2,0,-2,-1,1,1,2,-1
15:25:59.426576,-1,-1,-1,0,0,2,-2,-1
15:25:59.441566,-2,-1,-2,0,-3,-2,0,-2
15:25:59.448562,0,2,1,-2,1,-4,0,1
15:25:59.463555,1,1,1,4,4,4,1,2
15:25:59.464550,1,0,0,-1,3,0,2,0
15:25:59.478543,-1,1,-2,-2,-5,0,1,0
15:25:59.494531,-2,-4,-2,-2,-2,-4,1,-2
15:25:59.501529,-1,0,-4,-1,0,-1,-1,0
15:25:59.508532,-2,-5,-2,3,3,0,2,1
15:25:59.523515,1,1,-1,-2,-2,-2,-2,0
15:25:59.524513,-2,-4,2,1,0,0,-2,-2
15:25:59.539505,1,3,2,4,3,2,3,2
15:25:59.546501,0,-4,-4,1,0,0,-1,0
15:25:59.561491,-3,-4,-1,0,5,2,0,1
15:25:59.568489,-1,0,2,1,-1,0,-1,-1
15:25:59.591473,0,2,-3,-1,-6,1,0,1
15:25:59.592472,0,2,1,-1,-2,0,0,-2
15:25:59.598482,3,1,2,4,-3,-2,1,-1
15:25:59.606464,-2,-2,-3,-2,-1,0,-2,-4
